product,min,max,avg,variation,trend,timestamp,produit,prev_avg,updated_at
Nike Air Max,70.0,255.23,98.0,,STABLE,2026-04-09 23:59,Nike Air Max,,2026-04-09 23:59
Nike Air Force 1,60.0,255.23,98.0,,STABLE,2026-04-10 00:00,Nike Air Force 1,,2026-04-10 00:00
Nike Pegasus,60.0,255.23,112.5,,STABLE,2026-04-10 00:01,Nike Pegasus,,2026-04-10 00:01
Nike Dunk Low,60.0,255.23,95.72,,STABLE,2026-04-10 00:02,Nike Dunk Low,,2026-04-10 00:02
Nike ZoomX,70.0,220.0,150.0,,STABLE,2026-04-10 00:03,Nike ZoomX,,2026-04-10 00:03
Nike React Infinity,76.39,160.0,95.72,,STABLE,2026-04-10 00:04,Nike React Infinity,,2026-04-10 00:04
Adidas Samba,60.0,140.0,92.72,-17.28,DOWN,2026-04-10 00:05,Adidas Samba,110.0,2026-04-10 00:05
Adidas Gazelle,65.0,130.0,92.72,-7.28,DOWN,2026-04-10 00:06,Adidas Gazelle,100.0,2026-04-10 00:06
Adidas Campus,65.0,150.0,95.72,,STABLE,2026-04-10 00:07,Adidas Campus,,2026-04-10 00:07
Adidas Ultraboost,76.39,200.0,138.0,18.0,UP,2026-04-10 00:08,Adidas Ultraboost,120.0,2026-04-10 00:08
Adidas NMD R1,65.0,130.0,92.72,-37.28,DOWN,2026-04-10 00:09,Adidas NMD R1,130.0,2026-04-10 00:09
Adidas Forum Low,65.0,130.0,95.72,0.72,UP,2026-04-10 00:10,Adidas Forum Low,95.0,2026-04-10 00:10
New Balance 550,70.0,200.0,110.0,-20.0,DOWN,2026-04-10 00:11,New Balance 550,130.0,2026-04-10 00:11
New Balance 574,70.0,200.0,110.0,10.0,UP,2026-04-10 00:12,New Balance 574,100.0,2026-04-10 00:12
New Balance 9060,75.0,195.0,95.72,,STABLE,2026-04-10 00:13,New Balance 9060,,2026-04-10 00:13
New Balance 2002R,76.39,150.0,95.72,-54.28,DOWN,2026-04-10 00:14,New Balance 2002R,150.0,2026-04-10 00:14
New Balance 1906R,75.0,160.0,95.72,,STABLE,2026-04-10 00:15,New Balance 1906R,,2026-04-10 00:15
New Balance 327,76.39,200.0,120.0,,STABLE,2026-04-10 00:16,New Balance 327,,2026-04-10 00:16
Puma Suede Classic,90.0,120.0,98.0,,STABLE,2026-04-10 00:17,Puma Suede Classic,,2026-04-10 00:17
Puma RS-X,95.44,95.99,95.72,,STABLE,2026-04-10 00:18,Puma RS-X,,2026-04-10 00:18
Puma Palermo,85.0,120.0,95.44,,STABLE,2026-04-10 00:19,Puma Palermo,,2026-04-10 00:19
Puma Clyde,95.44,95.99,95.72,,STABLE,2026-04-10 00:20,Puma Clyde,,2026-04-10 00:20
Puma Future Rider,85.0,240.0,140.0,,STABLE,2026-04-10 00:21,Puma Future Rider,,2026-04-10 00:21
Puma Slipstream,85.0,120.0,95.44,,STABLE,2026-04-10 00:22,Puma Slipstream,,2026-04-10 00:22
Asics Gel-Kayano,95.44,170.0,128.0,,STABLE,2026-04-10 00:23,Asics Gel-Kayano,,2026-04-10 00:23
Asics Gel-Nimbus,75.0,170.0,98.0,,STABLE,2026-04-10 00:24,Asics Gel-Nimbus,,2026-04-10 00:24
Asics Gel-Lyte III,75.0,170.0,98.0,,STABLE,2026-04-10 00:25,Asics Gel-Lyte III,,2026-04-10 00:25
Asics GT-2000,95.44,130.0,95.99,,STABLE,2026-04-10 00:26,Asics GT-2000,,2026-04-10 00:26
Asics Novablast,85.0,160.0,105.0,,STABLE,2026-04-10 00:27,Asics Novablast,,2026-04-10 00:27
Asics Gel-1130,80.0,110.0,95.99,,STABLE,2026-04-10 00:29,Asics Gel-1130,,2026-04-10 00:29
Jordan Jordan 1 Low,80.0,140.0,95.99,,STABLE,2026-04-10 00:29,Jordan Jordan 1 Low,,2026-04-10 00:29
Jordan Jordan 1 Mid,80.0,150.0,100.0,,STABLE,2026-04-10 00:30,Jordan Jordan 1 Mid,,2026-04-10 00:30
Jordan Jordan 3,95.99,105.0,100.5,,STABLE,2026-04-10 00:31,Jordan Jordan 3,,2026-04-10 00:31
Jordan Jordan 4,90.0,210.0,130.0,,STABLE,2026-04-10 00:32,Jordan Jordan 4,,2026-04-10 00:32
Jordan Jordan 11,95.99,210.0,117.5,,STABLE,2026-04-10 00:33,Jordan Jordan 11,,2026-04-10 00:33
Jordan Jordan 5,90.0,150.0,112.5,,STABLE,2026-04-10 00:34,Jordan Jordan 5,,2026-04-10 00:34
Reebok Club C 85,90.0,95.0,92.5,,STABLE,2026-04-10 00:35,Reebok Club C 85,,2026-04-10 00:35
Reebok Nano X,123.23,161.97,142.6,,STABLE,2026-04-10 00:37,Reebok Nano X,,2026-04-10 00:37
Reebok Question Mid,80.0,95.0,87.5,,STABLE,2026-04-10 00:38,Reebok Question Mid,,2026-04-10 00:38
Salomon Speedcross,100.0,180.0,160.0,,STABLE,2026-04-10 00:43,Salomon Speedcross,,2026-04-10 00:43
Salomon Pulsar Trail,100.0,180.0,140.0,,STABLE,2026-04-10 00:45,Salomon Pulsar Trail,,2026-04-10 00:45
Salomon Sense Ride,100.0,180.0,160.0,,STABLE,2026-04-10 00:46,Salomon Sense Ride,,2026-04-10 00:46
On Running Cloud 5,120.0,180.0,160.0,,STABLE,2026-04-10 00:47,On Running Cloud 5,,2026-04-10 00:47
On Running Cloudflow,135.0,215.0,190.0,,STABLE,2026-04-10 00:49,On Running Cloudflow,,2026-04-10 00:49
On Running Cloudswift,125.0,268.94,180.0,,STABLE,2026-04-10 00:50,On Running Cloudswift,,2026-04-10 00:50
On Running Cloudsurfer,95.0,160.0,100.0,,STABLE,2026-04-10 00:51,On Running Cloudsurfer,,2026-04-10 00:51
